depth_cm;mean_age;sd_age
1;-56.57533;0.310460036
2;-49.16966;0.620679715
3;-41.76399;0.930970696
4;-34.35832;1.241279509
5;-26.95265;1.551595455
6;-19.54698;1.861914968
7;-12.14131;2.172236519
8;-4.73564;2.482559344
9;2.67003;2.792883018
10;10.0757;3.103207286
11;15.09019;2.709907022
12;20.10468;2.326589761
13;25.11917;1.95912404
14;30.13366;1.618344009
15;35.14815;1.325002228
16;40.16264;1.117115802
17;45.17713;1.046894345
18;50.19162;1.140066255
19;55.20611;1.363538633
20;60.2206;1.665667248
21;60.585355;1.824377061
22;60.95011;2.282893667
23;61.314865;2.902447741
24;61.67962;3.600854043
25;62.044375;4.340212477
26;62.40913;5.102752826
27;62.773885;5.879462222
28;63.13864;6.665389201
29;63.503395;7.457620125
30;63.86815;8.254340083
31;65.39284;8.220599528
32;66.91753;8.268421879
33;68.44222;8.396413612
34;69.96691;8.600996461
35;71.4916;8.876876483
36;73.01629;9.217654227
37;74.54098;9.616432822
38;76.06567;10.06632149
39;77.59036;10.5607904
40;79.11505;11.09388016
41;79.844863;11.0302266
42;80.574676;11.03234034
43;81.304489;11.10018379
44;82.034302;11.23256602
45;82.764115;11.42724424
46;83.493928;11.68110418
47;84.223741;11.99038745
48;84.953554;12.35093114
49;85.683367;12.75839023
50;86.41318;13.20842363
51;87.95724;16.27910182
52;89.5013;23.21748327
53;91.04536;31.56880701
54;92.58942;40.46755854
55;94.13348;49.62008349
56;95.67754;58.90821462
57;97.2216;68.27663206
58;98.76566;77.69629911
59;100.30972;87.1505994
60;101.85378;96.62936784
61;136.78938;96.49789221
62;171.72498;97.83700244
63;206.66058;100.5879827
64;241.59618;104.6395377
65;276.53178;109.8478531
66;311.46738;116.0572969
67;346.40298;123.116485
68;381.33858;130.8880016
69;416.27418;139.2526352
70;451.20978;148.1099296
71;458.3182;147.7490222
72;465.42662;148.3720277
73;472.53504;149.9666841
74;479.64346;152.502514
75;486.75188;155.9336075
76;493.8603;160.2024527
77;500.96872;165.2441359
78;508.07714;170.9903089
79;515.18556;177.372517
80;522.29398;184.324704
81;528.68508;182.8536175
82;535.07618;182.1374535
83;541.46728;182.1851151
84;547.85838;182.9960053
85;554.24948;184.5600644
86;560.64058;186.8583807
87;567.03168;189.8642914
88;573.42278;193.5448306
89;579.81388;197.8623546
90;586.20498;202.7761794
91;604.35068;201.0695929
92;622.49638;199.957562
93;640.64208;199.4500318
94;658.78778;199.5516148
95;676.93348;200.2613839
96;695.07918;201.5729149
97;713.22488;203.4745716
98;731.37058;205.9500079
99;749.51628;208.9788348
100;767.66198;212.5373948
101;779.01348;210.999356
102;790.36498;210.0901874
103;801.71648;209.8180641
104;813.06798;210.1854603
105;824.41948;211.1890385
106;835.77098;212.8197989
107;847.12248;215.0634748
108;858.47398;217.9011338
109;869.82548;221.3099289
110;881.17698;225.2639333
111;908.40218;223.0534078
112;935.62738;221.441576
113;962.85258;220.441571
114;990.07778;220.0617338
115;1017.30298;220.3052721
116;1044.52818;221.1701268
117;1071.75338;222.6490575
118;1098.97858;224.7299412
119;1126.20378;227.396253
120;1153.42898;230.6276894
121;1175.03948;227.657364
122;1196.64998;225.2499533
123;1218.26048;223.4236545
124;1239.87098;222.1927973
125;1261.48148;221.5673052
126;1283.09198;221.5523057
127;1304.70248;222.1479224
128;1326.31298;223.3492702
129;1347.92348;225.1466531
130;1369.53398;227.5259461
131;1372.0491;224.1063469
132;1374.56422;221.2597609
133;1377.07934;219.0085326
134;1379.59446;217.3711605
135;1382.10958;216.3615816
136;1384.6247;215.9885994
137;1387.13982;216.2555078
138;1389.65494;217.1599474
139;1392.17006;218.6940085
140;1394.68518;220.8445708
141;1413.31578;215.7975861
142;1431.94638;211.4364228
143;1450.57698;207.8042651
144;1469.20758;204.9398772
145;1487.83818;202.875782
146;1506.46878;201.6365582
147;1525.09938;201.2374449
148;1543.72998;201.6834298
149;1562.36058;202.9689422
150;1580.99118;205.0781951
151;1582.26465;200.5579848
152;1583.53812;196.5893963
153;1584.81159;193.2064245
154;1586.08506;190.4402807
155;1587.35853;188.318148
156;1588.632;186.8619691
157;1589.90547;186.0873784
158;1591.17894;186.0028914
159;1592.45241;186.6094454
160;1593.72588;187.9003484
161;1620.17958;182.1551903
162;1646.63328;177.0043057
163;1673.08698;172.500938
164;1699.54068;168.6969515
165;1725.99438;165.6405378
166;1752.44808;163.3736593
167;1778.90178;161.9294778
168;1805.35548;161.3300887
169;1831.80918;161.5848932
170;1858.26288;162.6898779
171;1885.65928;155.396228
172;1913.05568;149.0326084
173;1940.45208;143.7226093
174;1967.84848;139.5865248
175;1995.24488;136.7309284
176;2022.64128;135.2369589
177;2050.03768;135.1497789
178;2077.43408;136.4720843
179;2104.83048;139.1637031
180;2132.22688;143.147414
181;2156.95148;142.3464416
182;2181.67608;143.6293471
183;2206.40068;146.9415593
184;2231.12528;152.1506062
185;2255.84988;159.0702508
186;2280.57448;167.4886116
187;2305.29908;177.1922061
188;2330.02368;187.9821094
189;2354.74828;199.6823016
190;2379.47288;212.1422218
191;2412.17338;209.4981266
192;2444.87388;208.0051944
193;2477.57438;207.6882514
194;2510.27488;208.5526593
195;2542.97538;210.5838708
196;2575.67588;213.7486249
197;2608.37638;217.997559
198;2641.07688;223.2687838
199;2673.77738;229.4918669
200;2706.47788;236.5917098
201;2724.17058;233.2400369
202;2741.86328;230.9586346
203;2759.55598;229.7793841
204;2777.24868;229.7192595
205;2794.94138;230.7791356
206;2812.63408;232.9437252
207;2830.32678;236.1826563
208;2848.01948;240.4525183
209;2865.71218;245.6995693
210;2883.40488;251.8627435
211;2913.87008;246.4758258
212;2944.33528;242.1924358
213;2974.80048;239.071896
214;3005.26568;237.160113
215;3035.73088;236.4864036
216;3066.19608;237.0613237
217;3096.66128;238.8758579
218;3127.12648;241.9021124
219;3157.59168;246.0953894
220;3188.05688;251.3972983
221;3193.22812;242.6941755
222;3198.39936;234.9497348
223;3203.5706;228.2615754
224;3208.74184;222.7248742
225;3213.91308;218.4272103
226;3219.08432;215.4427457
227;3224.25556;213.826474
228;3229.4268;213.6094548
229;3234.59804;214.7959291
230;3239.76928;217.3629155
231;3264.83978;208.9183152
232;3289.91028;201.2979821
233;3314.98078;194.5987734
234;3340.05128;188.9187059
235;3365.12178;184.3520058
236;3390.19228;180.9829729
237;3415.26278;178.8792909
238;3440.33328;178.0858073
239;3465.40378;178.6199838
240;3490.47428;180.4700316
241;3493.61588;176.1689996
242;3496.75748;172.1571885
243;3499.89908;168.4552633
244;3503.04068;165.0840724
245;3506.18228;162.0642564
246;3509.32388;159.4157848
247;3512.46548;157.157433
248;3515.60708;155.3062203
249;3518.74868;153.8768417
250;3521.89028;152.8811297
251;3527.02185;148.5959036
252;3532.15342;144.627625
253;3537.28499;141.0030563
254;3542.41656;137.749332
255;3547.54813;134.8932899
256;3552.6797;132.4606562
257;3557.81127;130.4751158
258;3562.94284;128.9573218
259;3568.07441;127.9239245
260;3573.20598;127.3867131
261;3578.57308;124.015342
262;3583.94018;121.053464
263;3589.30728;118.5317804
264;3594.67438;116.4788842
265;3600.04148;114.9199012
266;3605.40858;113.8751185
267;3610.77568;113.3587547
268;3616.14278;113.3780297
269;3621.50988;113.9326717
270;3626.87698;115.0149358
271;3636.6304;114.3657771
272;3646.38382;114.0421514
273;3656.13724;114.0468299
274;3665.89066;114.3797723
275;3675.64408;115.0381286
276;3685.3975;116.0163589
277;3695.15092;117.3064612
278;3704.90434;118.8982841
279;3714.65776;120.7798985
280;3724.41118;122.9379989
281;3731.36201;122.0898005
282;3738.31284;121.5502389
283;3745.26367;121.323432
284;3752.2145;121.4111326
285;3759.16533;121.8126613
286;3766.11616;122.5249328
287;3773.06699;123.5425726
288;3780.01782;124.8581144
289;3786.96865;126.4622615
290;3793.91948;128.3441928
291;3828.96848;127.3913925
292;3864.01748;127.4632725
293;3899.06648;128.558114
294;3934.11548;130.6502023
295;3969.16448;133.6927295
296;4004.21348;137.6226739
297;4039.26248;142.3665645
298;4074.31148;147.8460716
299;4109.36048;153.9826839
300;4144.40948;160.7011415
301;4145.387923;159.8175648
302;4146.366366;159.9630708
303;4147.344809;161.1348717
304;4148.323252;163.3108773
305;4149.301695;166.4517085
306;4150.280138;170.504055
307;4151.258581;175.4047523
308;4152.237024;181.0849369
309;4153.215467;187.4737702
310;4154.19391;194.5014332
311;4156.00775;193.0119732
312;4157.82159;192.2323519
313;4159.63543;192.1712088
314;4161.44927;192.8292274
315;4163.26311;194.1990974
316;4165.07695;196.2659139
317;4166.89079;199.0079635
318;4168.70463;202.3978043
319;4170.51847;206.4035219
320;4172.33231;210.9900415
321;4181.95645;209.9599594
322;4191.58059;209.5971367
323;4201.20473;209.9050335
324;4210.82887;210.8807118
325;4220.45301;212.5149745
326;4230.07715;214.7927893
327;4239.70129;217.6939561
328;4249.32543;221.1939486
329;4258.94957;225.2648562
330;4268.57371;229.8763498
331;4274.05034;227.9701121
332;4279.52697;226.674702
333;4285.0036;226.0006232
334;4290.48023;225.9534366
335;4295.95686;226.533534
336;4301.43349;227.7361219
337;4306.91012;229.5514171
338;4312.38675;231.9650353
339;4317.86338;234.9585385
340;4323.34001;238.5100936
341;4333.13577;236.6576927
342;4342.93153;235.3954204
343;4352.72729;234.7327972
344;4362.52305;234.6749025
345;4372.31881;235.2221829
346;4382.11457;236.3704349
347;4391.91033;238.1109642
348;4401.70609;240.4309085
349;4411.50185;243.3136945
350;4421.29761;246.739595
351;4440.45311;244.1011219
352;4459.60861;242.0555395
353;4478.76411;240.6179694
354;4497.91961;239.7993469
355;4517.07511;239.6060159
356;4536.23061;240.0394873
357;4555.38611;241.0963804
358;4574.54161;242.768553
359;4593.69711;245.0434095
360;4612.85261;247.9043592
361;4629.30331;244.9260824
362;4645.75401;242.460582
363;4662.20471;240.5236272
364;4678.65541;239.1280623
365;4695.10611;238.2833996
366;4711.55681;237.9955049
367;4728.00751;238.2663963
368;4744.45821;239.0941747
369;4760.90891;240.473089
370;4777.35961;242.3937339
371;4800.84881;239.456342
372;4824.33801;237.0266967
373;4847.82721;235.1205392
374;4871.31641;233.7506763
375;4894.80561;232.9265703
376;4918.29481;232.6540207
377;4941.78401;232.9349636
378;4965.27321;233.7674035
379;4988.76241;235.1454833
380;5012.25161;237.0596876
381;5019.07854;232.9093013
382;5025.90547;229.2729475
383;5032.7324;226.1754208
384;5039.55933;223.6391114
385;5046.38626;221.6832832
386;5053.21319;220.3233956
387;5060.04012;219.5705215
388;5066.86705;219.4309092
389;5073.69398;219.9057265
390;5080.52091;220.9910132
391;5100.53691;216.4906766
392;5120.55291;212.6422635
393;5140.56891;209.4817066
394;5160.58491;207.0405095
395;5180.60091;205.3443298
396;5200.61691;204.4117145
397;5220.63291;204.2531231
398;5240.64891;204.8703531
399;5260.66491;206.2564396
400;5280.68091;208.3960418
401;5325.10501;204.3193665
402;5369.52911;200.7770003
403;5413.95321;197.7976524
404;5458.37731;195.4070771
405;5502.80141;193.6270831
406;5547.22551;192.4746111
407;5591.64961;191.9609637
408;5636.07371;192.0912656
409;5680.49781;192.8642115
410;5724.92191;194.2721311
411;5746.11641;188.6598447
412;5767.31091;183.6288778
413;5788.50541;179.2281904
414;5809.69991;175.5052006
415;5830.89441;172.5037923
416;5852.08891;170.2621302
417;5873.28341;168.8104835
418;5894.47791;168.1693117
419;5915.67241;168.3478755
420;5936.86691;169.3435818
421;5955.75871;162.3916243
422;5974.65051;155.967858
423;5993.54231;150.1400944
424;6012.43411;144.9802238
425;6031.32591;140.5618184
426;6050.21771;136.9566589
427;6069.10951;134.2302879
428;6088.00131;132.4369892
429;6106.89311;131.6149086
430;6125.78491;131.7822232
431;6127.1208;130.8059397
432;6128.45669;130.7097268
433;6129.79258;131.4955162
434;6131.12847;133.1476933
435;6132.46436;135.6346009
436;6133.80025;138.9114143
437;6135.13614;142.9238132
438;6136.47203;147.6118255
439;6137.80792;152.9133252
440;6139.14381;158.7668678
441;6156.11771;157.8238603
442;6173.09161;157.6465914
443;6190.06551;158.2376346
444;6207.03941;159.5884536
445;6224.01331;161.6800061
446;6240.98721;164.4840373
447;6257.96111;167.9648683
448;6274.93501;172.0814336
449;6291.90891;176.7893291
450;6308.88281;182.0426826
451;6334.41251;181.0654802
452;6359.94221;180.6411099
453;6385.47191;180.7734649
454;6411.00161;181.4613271
455;6436.53131;182.6984222
456;6462.06101;184.4737009
457;6487.59071;186.7718173
458;6513.12041;189.5737581
459;6538.65011;192.857565
460;6564.17981;196.5990936
461;6592.82221;195.3980153
462;6621.46461;194.7625123
463;6650.10701;194.6981229
464;6678.74941;195.2054124
465;6707.39181;196.2799481
466;6736.03421;197.9124909
467;6764.67661;200.089383
468;6793.31901;202.7930949
469;6821.96141;206.0028849
470;6850.60381;209.6955147
471;6862.56021;207.7967798
472;6874.51661;206.4350356
473;6886.47301;205.6209512
474;6898.42941;205.3610397
475;6910.38581;205.6574021
476;6922.34221;206.5076437
477;6934.29861;207.9049691
478;6946.25501;209.8384494
479;6958.21141;212.2934359
480;6970.16781;215.2520857
481;6974.00573;212.824302
482;6977.84365;210.8751825
483;6981.68157;209.418093
484;6985.51949;208.463351
485;6989.35741;208.0178736
486;6993.19533;208.0849316
487;6997.03325;208.6640308
488;7000.87117;209.7509302
489;7004.70909;211.3377952
490;7008.54701;213.4134734
491;7008.975352;210.4942351
492;7009.403694;208.1197592
493;7009.832036;206.3088561
494;7010.260378;205.0764561
495;7010.68872;204.4330217
496;7011.117062;204.3841155
497;7011.545404;204.9301631
498;7011.973746;206.066435
499;7012.402088;207.7832483
500;7012.83043;210.0663698
501;7031.81383;206.8855636
502;7050.79723;204.1994923
503;7069.78063;202.0278901
504;7088.76403;200.3874836
505;7107.74743;199.2913904
506;7126.73083;198.7486164
507;7145.71423;198.7636944
508;7164.69763;199.336498
509;7183.68103;200.4622463
510;7202.66443;202.1317006
511;7205.20836;198.3130489
512;7207.75229;195.0007512
513;7210.29622;192.2209854
514;7212.84015;189.9971266
515;7215.38408;188.3488668
516;7217.92801;187.2914034
517;7220.47194;186.8347682
518;7223.01587;186.983363
519;7225.5598;187.7357508
520;7228.10373;189.084724
521;7233.47916;184.3025198
522;7238.85459;180.0443313
523;7244.23002;176.348122
524;7249.60545;173.2498643
525;7254.98088;170.7821047
526;7260.35631;168.9724699
527;7265.73174;167.8422483
528;7271.10717;167.4052016
529;7276.4826;167.6667504
530;7281.85803;168.623644
531;7301.41163;163.3306507
532;7320.96523;158.54063
533;7340.51883;154.3004311
534;7360.07243;150.6564851
535;7379.62603;147.6529435
536;7399.17963;145.3295177
537;7418.73323;143.7191966
538;7438.28683;142.846099
539;7457.84043;142.7237552
540;7477.39403;143.3540874
541;7484.92243;136.1821829
542;7492.45083;129.4833381
543;7499.97923;123.3346589
544;7507.50763;117.8223097
545;7515.03603;113.0394205
546;7522.56443;109.0819868
547;7530.09283;106.0424652
548;7537.62123;104.0013671
549;7545.14963;103.0180549
550;7552.67803;103.122792
551;7553.82728;102.5965461
552;7554.97653;102.6766766
553;7556.12578;103.3617732
554;7557.27503;104.6399542
555;7558.42428;106.4898655
556;7559.57353;108.88237
557;7560.72278;111.7826334
558;7561.87203;115.1522964
559;7563.02128;118.9514742
560;7564.17053;123.1404184
561;7583.63193;122.6495204
562;7603.09333;122.6033756
563;7622.55473;123.0024847
564;7642.01613;123.8425428
565;7661.47753;125.1146684
566;7680.93893;126.8058585
567;7700.40033;128.8996195
568;7719.86173;131.3767055
569;7739.32313;134.2158941
570;7758.78453;137.3947392
571;7770.24433;136.6069018
572;7781.70413;136.2340774
573;7793.16393;136.2796721
574;7804.62373;136.7432673
575;7816.08353;137.6206389
576;7827.54333;138.9039463
577;7839.00313;140.5820733
578;7850.46293;142.6410855
579;7861.92273;145.0647656
580;7873.38253;147.8351788
581;7875.80386;146.8614814
582;7878.22519;146.3079279
583;7880.64652;146.1792914
584;7883.06785;146.4766914
585;7885.48918;147.1975455
586;7887.91051;148.3356805
587;7890.33184;149.8815907
588;7892.75317;151.8228203
589;7895.1745;154.1444346
590;7897.59583;156.8295415
591;7911.44423;156.1008873
592;7925.29263;155.7596007
593;7939.14103;155.808227
594;7952.98943;156.2464024
595;7966.83783;157.0708666
596;7980.68623;158.2755833
597;7994.53463;159.8519553
598;8008.38303;161.7891196
599;8022.23143;164.0742973
600;8036.07983;166.6931765
601;8043.9661;165.6858966
602;8051.85237;165.0479304
603;8059.73864;164.7835676
604;8067.62491;164.894605
605;8075.51118;165.3802865
606;8083.39745;166.2373284
607;8091.28372;167.4600292
608;8099.16999;169.0404542
609;8107.05626;170.9686835
610;8114.94253;173.2331034
611;8123.40277;171.7682326
612;8131.86301;170.6515462
613;8140.32325;169.8899103
614;8148.78349;169.4881113
615;8157.24373;169.4487092
616;8165.70397;169.7719562
617;8174.16421;170.4557892
618;8182.62445;171.4958947
619;8191.08469;172.8858428
620;8199.54493;174.6172794
621;8209.86643;172.6762855
622;8220.18793;171.0967867
623;8230.50943;169.8888662
624;8240.83093;169.0604888
625;8251.15243;168.6172484
626;8261.47393;168.5621832
627;8271.79543;168.8956729
628;8282.11693;169.6154257
629;8292.43843;170.716556
630;8302.75993;172.1917476
631;8317.03653;170.2905214
632;8331.31313;168.7191444
633;8345.58973;167.4869009
634;8359.86633;166.6013161
635;8374.14293;166.067936
636;8388.41953;165.8901578
637;8402.69613;166.0691237
638;8416.97273;166.603684
639;8431.24933;167.490434
640;8445.52593;168.7238208
641;8453.55417;166.5545981
642;8461.58241;164.7633562
643;8469.61065;163.3625289
644;8477.63889;162.3622219
645;8485.66713;161.7698651
646;8493.69537;161.5899451
647;8501.72361;161.8238375
648;8509.75185;162.4697551
649;8517.78009;163.5228155
650;8525.80833;164.9752224
651;8536.80653;162.5046639
652;8547.80473;160.404123
653;8558.80293;158.688294
654;8569.80113;157.3697611
655;8580.79933;156.458569
656;8591.79753;155.9618576
657;8602.79573;155.8835891
658;8613.79393;156.2243922
659;8624.79213;156.9815377
660;8635.79033;158.1490459
661;8637.23795;155.2133823
662;8638.68557;152.6077016
663;8640.13319;150.3491614
664;8641.58081;148.4536066
665;8643.02843;146.935086
666;8644.47605;145.8053802
667;8645.92367;145.0735727
668;8647.37129;144.7456989
669;8648.81891;144.824502
670;8650.26653;145.3093206
671;8660.62233;143.7901499
672;8670.97813;142.7365902
673;8681.33393;142.1589942
674;8691.68973;142.0631674
675;8702.04553;142.450082
676;8712.40133;143.3158284
677;8722.75713;144.6518091
678;8733.11293;146.4451555
679;8743.46873;148.6793183
680;8753.82453;151.3347755
681;8760.22437;151.0863643
682;8766.62421;151.2398886
683;8773.02405;151.7941288
684;8779.42389;152.7447231
685;8785.82373;154.0843357
686;8792.22357;155.8029327
687;8798.62341;157.8881387
688;8805.02325;160.3256502
689;8811.42309;163.0996722
690;8817.82293;166.1933551
691;8845.14463;165.6793981
692;8872.46633;165.5173729
693;8899.78803;165.7083118
694;8927.10973;166.2509987
695;8954.43143;167.1420074
696;8981.75313;168.3758082
697;9009.07483;169.9449353
698;9036.39653;171.840203
699;9063.71823;174.0509575
700;9091.03993;176.5653486
701;9091.842845;176.1225954
702;9092.64576;176.0030317
703;9093.448675;176.2073156
704;9094.25159;176.7343238
705;9095.054505;177.5811833
706;9095.85742;178.7433479
707;9096.660335;180.2147177
708;9097.46325;181.987793
709;9098.266165;184.0538547
710;9099.06908;186.4031608
711;9110.53068;185.8058993
712;9121.99228;185.5307563
713;9133.45388;185.5791646
714;9144.91548;185.9508715
715;9156.37708;186.6439454
716;9167.83868;187.6548256
717;9179.30028;188.9784122
718;9190.76188;190.6081909
719;9202.22348;192.5363864
720;9213.68508;194.7541353
721;9220.92427;194.0110559
722;9228.16346;193.5844793
723;9235.40265;193.4764989
724;9242.64184;193.6876476
725;9249.88103;194.2168845
726;9257.12022;195.0616206
727;9264.35941;196.2177811
728;9271.5986;197.6799019
729;9278.83779;199.4412541
730;9286.07698;201.4939906
731;9294.22112;200.9848631
732;9302.36526;200.7751192
733;9310.5094;200.8656968
734;9318.65354;201.2561903
735;9326.79768;201.9448599
736;9334.94182;202.9286699
737;9343.08596;204.2033547
738;9351.2301;205.7635084
739;9359.37424;207.6026951
740;9367.51838;209.7135737
741;9372.86051;209.2582243
742;9378.20264;208.9844826
743;9383.54477;208.8930626
744;9388.8869;208.9842036
745;9394.22903;209.257667
746;9399.57116;209.7127397
747;9404.91329;210.3482429
748;9410.25542;211.1625475
749;9415.59755;212.1535948
750;9420.93968;213.3189213
751;9429.00485;212.796131
752;9437.07002;212.4468411
753;9445.13519;212.2719082
754;9453.20036;212.2717632
755;9461.26553;212.4464065
756;9469.3307;212.7954079
757;9477.39587;213.3179115
758;9485.46104;214.0126464
759;9493.52621;214.8779423
760;9501.59138;215.9117483
761;9512.11238;215.3329087
762;9522.63338;214.9184443
763;9533.15438;214.6693074
764;9543.67538;214.5860738
765;9554.19638;214.6689364
766;9564.71738;214.9177032
767;9575.23838;215.331799
768;9585.75938;215.9102728
769;9596.28038;216.6518078
770;9606.80138;217.5547366
771;9609.56044;217.2384553
772;9612.3195;217.0828329
773;9615.07856;217.0882151
774;9617.83762;217.2545898
775;9620.59668;217.5815877
776;9623.35574;218.0684862
777;9626.1148;218.7142175
778;9628.87386;219.5173798
779;9631.63292;220.4762528
780;9634.39198;221.5888149
781;9647.96718;221.1545138
782;9661.54238;220.8991425
783;9675.11758;220.8233218
784;9688.69278;220.9272366
785;9702.26798;221.2106336
786;9715.84318;221.6728245
787;9729.41838;222.312694
788;9742.99358;223.1287136
789;9756.56878;224.1189593
790;9770.14398;225.2811335
791;9775.72164;224.8784881
792;9781.2993;224.6463151
793;9786.87696;224.5851432
794;9792.45462;224.6951121
795;9798.03228;224.9759708
796;9803.60994;225.4270806
797;9809.1876;226.0474222
798;9814.76526;226.8356071
799;9820.34292;227.7898931
800;9825.92058;228.9082029
801;9831.68354;228.1076107
802;9837.4465;227.4626709
803;9843.20946;226.9747103
804;9848.97242;226.6447428
805;9854.73538;226.473459
806;9860.49834;226.4612189
807;9866.2613;226.6080485
808;9872.02426;226.9136387
809;9877.78722;227.3773496
810;9883.55018;227.9982164
811;9900.42798;227.3923771
812;9917.30578;226.9489714
813;9934.18358;226.6689525
814;9951.06138;226.5529262
815;9967.93918;226.6011445
816;9984.81698;226.8135025
817;10001.69478;227.1895401
818;10018.57258;227.7284463
819;10035.45038;228.4290686
820;10052.32818;229.2899243
821;10064.21018;228.7744869
822;10076.09218;228.4117867
823;10087.97418;228.2025521
824;10099.85618;228.1472054
825;10111.73818;228.2458585
826;10123.62018;228.4983118
827;10135.50218;228.9040566
828;10147.38418;229.4622797
829;10159.26618;230.1718717
830;10171.14818;231.0314378
831;10177.6989;230.1644684
832;10184.24962;229.4820416
833;10190.80034;228.9858071
834;10197.35106;228.6769772
835;10203.90178;228.5563115
836;10210.4525;228.6241079
837;10217.00322;228.880199
838;10223.55394;229.323954
839;10230.10466;229.9542863
840;10236.65538;230.7696673
841;10283.07178;230.3821569
842;10329.48818;230.3720238
843;10375.90458;230.7393177
844;10422.32098;231.4822419
845;10468.73738;232.5971972
846;10515.15378;234.0788676
847;10561.57018;235.9203436
848;10607.98658;238.1132779
849;10654.40298;240.6480623
850;10700.81938;243.514022
851;10722.42298;243.2563635
852;10744.02658;243.4019015
853;10765.63018;243.9499145
854;10787.23378;244.8977005
855;10808.83738;246.2406435
856;10830.44098;247.9723233
857;10852.04458;250.0846647
858;10873.64818;252.5681171
859;10895.25178;255.4118554
860;10916.85538;258.6039942
861;10925.95724;258.3073088
862;10935.0591;258.3274423
863;10944.16096;258.6643207
864;10953.26282;259.3167095
865;10962.36468;260.2822363
866;10971.46654;261.5574334
867;10980.5684;263.1377986
868;10989.67026;265.0178727
869;10998.77212;267.1913291
870;11007.87398;269.6510736
871;11010.15955;269.3309015
872;11012.44512;269.3114565
873;11014.73069;269.5928035
874;11017.01626;270.174003
875;11019.30183;271.0531261
876;11021.5874;272.2272864
877;11023.87297;273.6926869
878;11026.15854;275.4446792
879;11028.44411;277.4778348
880;11030.72968;279.7860242
881;11043.33228;279.8355862
882;11055.93488;280.1920628
883;11068.53748;280.8542856
884;11081.14008;281.8200992
885;11093.74268;283.0863963
886;11106.34528;284.6491666
887;11118.94788;286.5035589
888;11131.55048;288.6439525
889;11144.15308;291.0640381
890;11156.75568;293.756903
891;11166.41333;293.6258282
892;11176.07098;293.8030771
893;11185.72863;294.2880926
894;11195.38628;295.0793572
895;11205.04393;296.1744164
896;11214.70158;297.5699161
897;11224.35923;299.2616536
898;11234.01688;301.2446378
899;11243.67453;303.5131605
900;11253.33218;306.0608724
901;11266.54448;305.7151617
902;11279.75678;305.6501375
903;11292.96908;305.865979
904;11306.18138;306.3620923
905;11319.39368;307.1371194
906;11332.60598;308.1889562
907;11345.81828;309.5147804
908;11359.03058;311.1110893
909;11372.24288;312.973744
910;11385.45518;315.0980214
911;11398.38068;314.651405
912;11411.30618;314.4720196
913;11424.23168;314.5603223
914;11437.15718;314.9160881
915;11450.08268;315.5384123
916;11463.00818;316.425722
917;11475.93368;317.5757962
918;11488.85918;318.9857927
919;11501.78468;320.6522828
920;11514.71018;322.5712911
921;11531.98728;322.3210493
922;11549.26438;322.3386348
923;11566.54148;322.6240038
924;11583.81858;323.176447
925;11601.09568;323.9945982
926;11618.37278;325.0764511
927;11635.64988;326.4193839
928;11652.92698;328.0201899
929;11670.20408;329.875115
930;11687.48118;331.9798995
931;11698.36398;331.4667007
932;11709.24678;331.2067675
933;11720.12958;331.2006962
934;11731.01238;331.4485007
935;11741.89518;331.9496126
936;11752.77798;332.7028872
937;11763.66078;333.7066169
938;11774.54358;334.9585503
939;11785.42638;336.4559165
940;11796.30918;338.1954558
941;11801.66247;336.1218231
942;11807.01576;334.5240596
943;11812.36905;333.409007
944;11817.72234;332.7815175
945;11823.07563;332.6443501
946;11828.42892;332.998111
947;11833.78221;333.8412394
948;11839.1355;335.1700422
949;11844.48879;336.9787741
950;11849.84208;339.2597591
951;11865.24348;336.3393465
952;11880.64488;333.9654918
953;11896.04628;332.149914
954;11911.44768;330.9018024
955;11926.84908;330.2275916
956;11942.25048;330.1307977
957;11957.65188;330.6119278
958;11973.05328;331.6684668
959;11988.45468;333.2949428
960;12003.85608;335.4830663
961;12030.80448;332.2793521
962;12057.75288;329.6238895
963;12084.70128;327.5300139
964;12111.64968;326.0085461
965;12138.59808;325.0675238
966;12165.54648;324.7119934
967;12192.49488;324.9438767
968;12219.44328;325.7619193
969;12246.39168;327.1617243
970;12273.34008;329.1358691
971;12280.37813;325.2361306
972;12287.41618;321.9341211
973;12294.45423;319.248388
974;12301.49228;317.1945861
975;12308.53033;315.7850456
976;12315.56838;315.0284143
977;12322.60643;314.9293983
978;12329.64448;315.4886167
979;12336.68253;316.7025828
980;12343.72058;318.5638114
981;12351.60753;314.0864879
982;12359.49448;310.2469475
983;12367.38143;307.0691154
984;12375.26838;304.5737045
985;12383.15533;302.7775882
986;12391.04228;301.6932566
987;12398.92923;301.3283936
988;12406.81618;301.6856099
989;12414.70313;302.7623495
990;12422.59008;304.5509808
991;12428.63359;300.6652024
992;12434.6771;298.1264616
993;12440.72061;296.9693075
994;12446.76412;297.2098775
995;12452.80763;298.8447962
996;12458.85114;301.8514079
997;12464.89465;306.1893072
998;12470.93816;311.8029354
999;12476.98167;318.624871
1000;12483.02518;326.5794016
1001;12521.80958;325.5099178
1002;12560.59398;324.9164518
1003;12599.37838;324.8016127
1004;12638.16278;325.1659077
1005;12676.94718;326.0077307
1006;12715.73158;327.3233972
1007;12754.51598;329.1072245
1008;12793.30038;331.3516516
1009;12832.08478;334.0473945
1010;12870.86918;337.1836288
1011;12883.70438;337.0870701
1012;12896.53958;337.1945804
1013;12909.37478;337.5059647
1014;12922.20998;338.0206595
1015;12935.04518;338.7377381
1016;12947.88038;339.6559187
1017;12960.71558;340.7735757
1018;12973.55078;342.088754
1019;12986.38598;343.5991855
1020;12999.22118;345.3023078
1021;13012.05638;347.1952855
1022;13024.89158;349.2750315
1023;13037.72678;351.5382311
1024;13050.56198;353.9813655
1025;13063.39718;356.6007365
1026;13076.23238;359.3924906
1027;13089.06758;362.3526435
1028;13101.90278;365.4771034
1029;13114.73798;368.761694
1030;13127.57318;372.2021758
1031;13140.40838;375.7942672
1032;13153.24358;379.5336636
1033;13166.07878;383.416055
1034;13178.91398;387.4371428
1035;13191.74918;391.5926543
1036;13204.58438;395.8783565
1037;13217.41958;400.2900676
1038;13230.25478;404.8236681
1039;13243.08998;409.4751094
1040;13255.92518;414.2404218
1041;13268.76038;419.1157213
1042;13281.59558;424.0972147
1043;13294.43078;429.1812043
1044;13307.26598;434.3640912
1045;13320.10118;439.6423775
1046;13332.93638;445.0126689
1047;13345.77158;450.4716748
1048;13358.60678;456.0162091
1049;13371.44198;461.6431902
1050;13384.27718;467.3496401
1051;13397.11238;473.1326833
1052;13409.94758;478.9895457
1053;13422.78278;484.9175524
1054;13435.61798;490.9141262
1055;13448.45318;496.9767851
1056;13461.28838;503.10314
1057;13474.12358;509.2908922
1058;13486.95878;515.5378311
1059;13499.79398;521.8418309
1060;13512.62918;528.2008488
1061;13525.46438;534.6129215
1062;13538.29958;541.0761627
1063;13551.13478;547.5887606
1064;13563.96998;554.1489751
1065;13576.80518;560.7551349
1066;13589.64038;567.4056354
1067;13602.47558;574.0989354
1068;13615.31078;580.8335555
1069;13628.14598;587.6080748
1070;13640.98118;594.4211293
1071;13653.81638;601.2714089
1072;13666.65158;608.1576558
1073;13679.48678;615.078662
1074;13692.32198;622.0332671
1075;13705.15718;629.0203569
1076;13717.99238;636.0388606
1077;13730.82758;643.0877498
1078;13743.66278;650.1660362
1079;13756.49798;657.27277
1080;13769.33318;664.4070384
1081;13782.16838;671.5679639
1082;13795.00358;678.7547027
1083;13807.83878;685.9664436
1084;13820.67398;693.2024061
1085;13833.50918;700.4618397
1086;13846.34438;707.7440222
1087;13859.17958;715.0482584
1088;13872.01478;722.3738794
1089;13884.84998;729.7202412
1090;13897.68518;737.0867236
1091;13910.52038;744.4727293
1092;13923.35558;751.877683
1093;13936.19078;759.3010303
1094;13949.02598;766.7422369
1095;13961.86118;774.200788
1096;13974.69638;781.676187
1097;13987.53158;789.1679551
1098;14000.36678;796.6756306
1099;14013.20198;804.1987679
1100;14026.03718;811.7369371
